account_name,social_network_id,carl_account_id,data_date,subs,reach,page_impressions
@vychodoceskederbyuniverzit,facebook,f629bac9-817b-48ec-ad8a-dcc58fc55ea9,19.4.2026,64,,4
vsefalcons,instagram,709fceba-e311-48e7-9057-f54a587abf4a,22.1.2026,3169,776005,
@hsubrno,facebook,86b4295e-45a1-49a4-a7a5-1a550c3f4bec,12.4.2026,702,,2014
@bitvaoprahu,facebook,75e0f41f-82be-4f82-a77b-82ac11135ed2,12.4.2026,1136,,5502
@univerzitnihokej,facebook,01b45180-0b14-4a14-96e8-d0a4bab1fb9f,12.4.2026,4977,,7269
@akademici_plzen,tiktok,8f78cb3d-9c53-4c33-9f39-e6526fd8fa1c,17.4.2026,6070,,
vsefalcons,instagram,709fceba-e311-48e7-9057-f54a587abf4a,17.4.2026,4644,1563199,
@BOhokej,facebook,c9082543-a03b-490f-8f97-66d439acce89,11.4.2026,1589,,210
@AkademiciPlzen,facebook,d87b94e3-03e8-45d0-b92e-75e9b819545c,11.4.2026,5565,,2620
@engineersprague,facebook,afd06d1d-7b1c-4f66-8d93-ce4255ab773c,11.4.2026,3904,,2190
@univerzitnihokej,instagram,1e114592-3529-4cfe-9977-2598454053af,4.4.2026,13348,231552,
@univerzitnihokej,facebook,01b45180-0b14-4a14-96e8-d0a4bab1fb9f,4.4.2026,4929,,22945
@hcupolomouc,instagram,2d87eafd-cf41-4f3e-97d3-6eeb795de43b,18.4.2026,1722,128,
@riderspardubice,instagram,4d6a67ab-9313-4f77-a82e-abb18adbca5d,18.4.2026,3904,249138,
vsefalcons,instagram,709fceba-e311-48e7-9057-f54a587abf4a,16.2.2026,3534,1212604,
@hsubrno,facebook,86b4295e-45a1-49a4-a7a5-1a550c3f4bec,20.4.2026,703,,421
@BOhokej,facebook,c9082543-a03b-490f-8f97-66d439acce89,20.4.2026,1592,,178
@hcmuni,facebook,d1f9e9f9-7526-42d4-85aa-13f91e89f7cf,20.4.2026,3444,,5339
@united_hk,tiktok,7e062517-b9da-416d-b73d-a2c5899a2be6,9.4.2026,776,,
@hcupolomouc,facebook,2ade9992-8ce5-433a-a017-780fa6157ede,9.4.2026,1961,,27
@boostrava,instagram,1176ddaf-d366-48a2-9639-3c6694c72c85,9.4.2026,2402,7208,
@BOhokej,facebook,c9082543-a03b-490f-8f97-66d439acce89,9.4.2026,1584,,89
@hcupolomouc,facebook,2ade9992-8ce5-433a-a017-780fa6157ede,1.4.2026,1961,,6
@akademici_plzen,tiktok,8f78cb3d-9c53-4c33-9f39-e6526fd8fa1c,15.4.2026,6071,,
@hcupolomouc,facebook,2ade9992-8ce5-433a-a017-780fa6157ede,15.4.2026,1960,,8
@hcupolomouc,facebook,2ade9992-8ce5-433a-a017-780fa6157ede,2.4.2026,1961,,10
@VUTCavaliersBrno,facebook,3351b43e-4b71-442b-b2f1-920cd6e57ee5,2.4.2026,2014,,6650
@hcmuni,facebook,d1f9e9f9-7526-42d4-85aa-13f91e89f7cf,7.4.2026,3447,,2478
@742626308943576,facebook,afcb2720-0a77-4413-95f4-2247bcb8a565,7.4.2026,20,,4
@vychodoceskederbyuniverzit,facebook,f629bac9-817b-48ec-ad8a-dcc58fc55ea9,13.4.2026,64,,7
@united_hk,tiktok,7e062517-b9da-416d-b73d-a2c5899a2be6,14.4.2026,777,,
@akademiciplzen,instagram,65494228-95bf-4f7b-8e68-d47d7262db66,5.4.2026,9028,115809,
@bitvaoprahu,facebook,75e0f41f-82be-4f82-a77b-82ac11135ed2,19.4.2026,1163,,31317
@cvutengineers,instagram,11963a07-7f0f-48e6-9d81-aa63a7ff4a04,19.4.2026,7705,146341,
@hcmuni,facebook,d1f9e9f9-7526-42d4-85aa-13f91e89f7cf,6.4.2026,3446,,534
vsefalcons,instagram,709fceba-e311-48e7-9057-f54a587abf4a,6.4.2026,4597,1243665,
@bitvaoprahu,instagram,d7c8aa06-74fb-4c6c-a7d2-c2fe1bf6d59c,12.4.2026,5309,351081,
@AkademiciPlzen,facebook,d87b94e3-03e8-45d0-b92e-75e9b819545c,17.4.2026,5565,,2695
vsefalcons,instagram,709fceba-e311-48e7-9057-f54a587abf4a,3.4.2026,4594,1156955,
vsefalcons,instagram,709fceba-e311-48e7-9057-f54a587abf4a,31.1.2026,3201,838588,
@riderspardubice,instagram,4d6a67ab-9313-4f77-a82e-abb18adbca5d,20.4.2026,3904,255708,
@hcnorthwings,facebook,2b08a479-603b-46e4-8a48-2bc0435ccd53,9.4.2026,1171,,329
@cvutengineers,instagram,11963a07-7f0f-48e6-9d81-aa63a7ff4a04,1.4.2026,7631,8804,
@united_hk,tiktok,7e062517-b9da-416d-b73d-a2c5899a2be6,15.4.2026,778,,
@united_hk,tiktok,7e062517-b9da-416d-b73d-a2c5899a2be6,10.4.2026,776,,
@hsubrno,facebook,86b4295e-45a1-49a4-a7a5-1a550c3f4bec,10.4.2026,699,,1670
@unitedhk,facebook,bfe6cc29-a387-41b9-9bca-b077722556af,10.4.2026,369,,270
@hcmuni,facebook,d1f9e9f9-7526-42d4-85aa-13f91e89f7cf,16.4.2026,3447,,16851
@united_hk,instagram,b18c071b-0570-48b2-b743-990c668c3c5b,16.4.2026,2901,31180,
@hc_muni,instagram,43cd62c8-609d-4ea6-8ce9-cae5242ede0c,2.4.2026,4728,15328,
@hsubrno,facebook,86b4295e-45a1-49a4-a7a5-1a550c3f4bec,7.4.2026,698,,2691
@cvutengineers,instagram,11963a07-7f0f-48e6-9d81-aa63a7ff4a04,7.4.2026,7656,48825,
@hokejovy_souboj_univerzit,instagram,cb4021a2-14da-41f5-8b43-0502f11720aa,7.4.2026,2740,4283,
@cvutengineers,instagram,11963a07-7f0f-48e6-9d81-aa63a7ff4a04,13.4.2026,7666,112337,
@218107044725785,facebook,7a942e3e-6c47-4794-9ba7-bbc7b6d40cb3,13.4.2026,1053,,1275
@boostrava,instagram,1176ddaf-d366-48a2-9639-3c6694c72c85,8.4.2026,2402,6601,
@univerzitnihokej,instagram,1e114592-3529-4cfe-9977-2598454053af,14.4.2026,13448,819880,
@hokejovy_souboj_univerzit,instagram,cb4021a2-14da-41f5-8b43-0502f11720aa,14.4.2026,2752,26360,
vsefalcons,instagram,709fceba-e311-48e7-9057-f54a587abf4a,5.1.2026,3041,615466,
@united_hk,tiktok,7e062517-b9da-416d-b73d-a2c5899a2be6,5.4.2026,775,,
@united_hk,instagram,b18c071b-0570-48b2-b743-990c668c3c5b,19.4.2026,2902,39226,
vsefalcons,instagram,709fceba-e311-48e7-9057-f54a587abf4a,3.2.2026,3227,891393,
@united_hk,tiktok,7e062517-b9da-416d-b73d-a2c5899a2be6,6.4.2026,775,,
@vychodoceskederbyuniverzit,facebook,f629bac9-817b-48ec-ad8a-dcc58fc55ea9,12.4.2026,64,,3
@AkademiciPlzen,facebook,d87b94e3-03e8-45d0-b92e-75e9b819545c,12.4.2026,5565,,1472
@riderspardubice,facebook,f99ed6c3-17cc-46f4-a32e-d9b0576ce2df,11.4.2026,1240,,2976
@bitvaoprahu,facebook,75e0f41f-82be-4f82-a77b-82ac11135ed2,11.4.2026,1131,,12055
@vutcavaliersbrno,instagram,b384bebf-72f3-4f9d-8b2d-3677709f6966,11.4.2026,3470,101903,
@united_hk,instagram,b18c071b-0570-48b2-b743-990c668c3c5b,11.4.2026,2905,12755,
vsefalcons,instagram,709fceba-e311-48e7-9057-f54a587abf4a,8.1.2026,3064,638150,
@hcupolomouc,facebook,2ade9992-8ce5-433a-a017-780fa6157ede,4.4.2026,1961,,8
@hcupolomouc,facebook,2ade9992-8ce5-433a-a017-780fa6157ede,18.4.2026,1960,,8
@742626308943576,facebook,afcb2720-0a77-4413-95f4-2247bcb8a565,18.4.2026,20,,14
vsefalcons,instagram,709fceba-e311-48e7-9057-f54a587abf4a,29.1.2026,3199,826508,
@boostrava,instagram,1176ddaf-d366-48a2-9639-3c6694c72c85,20.4.2026,2401,30469,
@united_hk,tiktok,7e062517-b9da-416d-b73d-a2c5899a2be6,20.4.2026,778,,
@AkademiciPlzen,facebook,d87b94e3-03e8-45d0-b92e-75e9b819545c,1.4.2026,5552,,36540
@riderspardubice,facebook,f99ed6c3-17cc-46f4-a32e-d9b0576ce2df,15.4.2026,1245,,1861
@vutcavaliersbrno,instagram,b384bebf-72f3-4f9d-8b2d-3677709f6966,15.4.2026,3475,138371,
@engineersprague,facebook,afd06d1d-7b1c-4f66-8d93-ce4255ab773c,21.4.2026,3905,,382
@riderspardubice,instagram,4d6a67ab-9313-4f77-a82e-abb18adbca5d,21.4.2026,3905,261329,
vsefalcons,instagram,709fceba-e311-48e7-9057-f54a587abf4a,16.4.2026,4633,1489268,
vsefalcons,instagram,709fceba-e311-48e7-9057-f54a587abf4a,1.3.2026,3707,1466231,
@boostrava,instagram,1176ddaf-d366-48a2-9639-3c6694c72c85,2.4.2026,2406,945,
vsefalcons,instagram,709fceba-e311-48e7-9057-f54a587abf4a,15.3.2026,4118,819641,
@bitvaoprahu,instagram,d7c8aa06-74fb-4c6c-a7d2-c2fe1bf6d59c,7.4.2026,5325,21535,
@engineersprague,facebook,afd06d1d-7b1c-4f66-8d93-ce4255ab773c,7.4.2026,3905,,3984
vsefalcons,instagram,709fceba-e311-48e7-9057-f54a587abf4a,4.1.2026,3041,607444,
@hcupolomouc,instagram,2d87eafd-cf41-4f3e-97d3-6eeb795de43b,13.4.2026,1725,95,
@riderspardubice,instagram,4d6a67ab-9313-4f77-a82e-abb18adbca5d,13.4.2026,3880,221221,
@akademiciplzen,instagram,65494228-95bf-4f7b-8e68-d47d7262db66,8.4.2026,9025,152374,
@218107044725785,facebook,7a942e3e-6c47-4794-9ba7-bbc7b6d40cb3,8.4.2026,1053,,670
@bitvaoprahu,instagram,d7c8aa06-74fb-4c6c-a7d2-c2fe1bf6d59c,14.4.2026,5305,431395,
@derbyuniverzit,instagram,be83cfc5-0fa6-4f25-987e-ef890dd591ee,14.4.2026,949,1303,
@univerzitnihokej,facebook,01b45180-0b14-4a14-96e8-d0a4bab1fb9f,14.4.2026,4981,,4889
@cvutengineers,instagram,11963a07-7f0f-48e6-9d81-aa63a7ff4a04,5.4.2026,7640,31959,
vsefalcons,instagram,709fceba-e311-48e7-9057-f54a587abf4a,17.2.2026,3540,1229345,
@hc_muni,instagram,43cd62c8-609d-4ea6-8ce9-cae5242ede0c,6.4.2026,4727,30410,
@engineersprague,facebook,afd06d1d-7b1c-4f66-8d93-ce4255ab773c,6.4.2026,3906,,2500
@riderspardubice,facebook,f99ed6c3-17cc-46f4-a32e-d9b0576ce2df,12.4.2026,1243,,2023
vsefalcons,instagram,709fceba-e311-48e7-9057-f54a587abf4a,12.4.2026,4610,1400673,
@bitvaoprahu,facebook,75e0f41f-82be-4f82-a77b-82ac11135ed2,17.4.2026,1163,,37384
@univerzitnihokej,facebook,01b45180-0b14-4a14-96e8-d0a4bab1fb9f,17.4.2026,4987,,4086
@akademici_plzen,tiktok,8f78cb3d-9c53-4c33-9f39-e6526fd8fa1c,11.4.2026,6074,,
@hcupolomouc,instagram,2d87eafd-cf41-4f3e-97d3-6eeb795de43b,11.4.2026,1726,83,
@BOhokej,facebook,c9082543-a03b-490f-8f97-66d439acce89,4.4.2026,1584,,1747
@cvutengineers,instagram,11963a07-7f0f-48e6-9d81-aa63a7ff4a04,18.4.2026,7702,140322,
@bitvaoprahu,facebook,75e0f41f-82be-4f82-a77b-82ac11135ed2,20.4.2026,1162,,16661
@vychodoceskederbyuniverzit,facebook,f629bac9-817b-48ec-ad8a-dcc58fc55ea9,9.4.2026,64,,3
@AkademiciPlzen,facebook,d87b94e3-03e8-45d0-b92e-75e9b819545c,9.4.2026,5561,,2016
@hcupolomouc,instagram,2d87eafd-cf41-4f3e-97d3-6eeb795de43b,1.4.2026,1734,6,
@AkademiciPlzen,facebook,d87b94e3-03e8-45d0-b92e-75e9b819545c,15.4.2026,5566,,2489
@hcupolomouc,facebook,2ade9992-8ce5-433a-a017-780fa6157ede,21.4.2026,1960,,7
@742626308943576,facebook,afcb2720-0a77-4413-95f4-2247bcb8a565,21.4.2026,20,,6
@derbyuniverzit,instagram,be83cfc5-0fa6-4f25-987e-ef890dd591ee,21.4.2026,946,2232,
@boostrava,instagram,1176ddaf-d366-48a2-9639-3c6694c72c85,16.4.2026,2396,20050,
@BOhokej,facebook,c9082543-a03b-490f-8f97-66d439acce89,16.4.2026,1590,,372
vsefalcons,instagram,709fceba-e311-48e7-9057-f54a587abf4a,27.2.2026,3694,1444596,
vsefalcons,instagram,709fceba-e311-48e7-9057-f54a587abf4a,19.2.2026,3567,1344381,
vsefalcons,instagram,709fceba-e311-48e7-9057-f54a587abf4a,7.4.2026,4597,1278410,
@derbyuniverzit,instagram,be83cfc5-0fa6-4f25-987e-ef890dd591ee,7.4.2026,950,359,
@VUTCavaliersBrno,facebook,3351b43e-4b71-442b-b2f1-920cd6e57ee5,7.4.2026,2012,,1184
vsefalcons,instagram,709fceba-e311-48e7-9057-f54a587abf4a,12.3.2026,4022,761830,
@vutcavaliersbrno,instagram,b384bebf-72f3-4f9d-8b2d-3677709f6966,13.4.2026,3472,123611,
@hcmuni,facebook,d1f9e9f9-7526-42d4-85aa-13f91e89f7cf,8.4.2026,3447,,1907
@united_hk,instagram,b18c071b-0570-48b2-b743-990c668c3c5b,14.4.2026,2904,24814,
@BOhokej,facebook,c9082543-a03b-490f-8f97-66d439acce89,14.4.2026,1590,,53
vsefalcons,instagram,709fceba-e311-48e7-9057-f54a587abf4a,1.1.2026,3021,586874,
@hcnorthwings,facebook,2b08a479-603b-46e4-8a48-2bc0435ccd53,5.4.2026,1171,,695
@vutcavaliersbrno,instagram,b384bebf-72f3-4f9d-8b2d-3677709f6966,5.4.2026,3476,47972,
@hc_muni,instagram,43cd62c8-609d-4ea6-8ce9-cae5242ede0c,5.4.2026,4729,26570,
@VUTCavaliersBrno,facebook,3351b43e-4b71-442b-b2f1-920cd6e57ee5,5.4.2026,2013,,1694
@218107044725785,facebook,7a942e3e-6c47-4794-9ba7-bbc7b6d40cb3,19.4.2026,1056,,447
@742626308943576,facebook,afcb2720-0a77-4413-95f4-2247bcb8a565,12.4.2026,20,,8
@hcnorthwings,facebook,2b08a479-603b-46e4-8a48-2bc0435ccd53,11.4.2026,1171,,1085
@hcupolomouc,facebook,2ade9992-8ce5-433a-a017-780fa6157ede,11.4.2026,1961,,27
@akademiciplzen,instagram,65494228-95bf-4f7b-8e68-d47d7262db66,11.4.2026,9025,182359,
@univerzitnihokej,instagram,1e114592-3529-4cfe-9977-2598454053af,11.4.2026,13410,555533,
vsefalcons,instagram,709fceba-e311-48e7-9057-f54a587abf4a,15.2.2026,3519,1198196,
@hc_muni,instagram,43cd62c8-609d-4ea6-8ce9-cae5242ede0c,4.4.2026,4728,22690,
@hsubrno,facebook,86b4295e-45a1-49a4-a7a5-1a550c3f4bec,18.4.2026,702,,499
@akademiciplzen,instagram,65494228-95bf-4f7b-8e68-d47d7262db66,18.4.2026,9022,218382,
@unitedhk,facebook,bfe6cc29-a387-41b9-9bca-b077722556af,18.4.2026,369,,55
@akademiciplzen,instagram,65494228-95bf-4f7b-8e68-d47d7262db66,3.4.2026,9022,71494,
@univerzitnihokej,instagram,1e114592-3529-4cfe-9977-2598454053af,3.4.2026,13339,152048,
@VUTCavaliersBrno,facebook,3351b43e-4b71-442b-b2f1-920cd6e57ee5,3.4.2026,2012,,4820
@742626308943576,facebook,afcb2720-0a77-4413-95f4-2247bcb8a565,20.4.2026,20,,1
@hc_muni,instagram,43cd62c8-609d-4ea6-8ce9-cae5242ede0c,20.4.2026,4713,137975,
@riderspardubice,instagram,4d6a67ab-9313-4f77-a82e-abb18adbca5d,9.4.2026,3871,183156,
@bitva_o_budejce,instagram,f977c0af-061e-4c10-813f-da5818f8a748,9.4.2026,718,109,
@218107044725785,facebook,7a942e3e-6c47-4794-9ba7-bbc7b6d40cb3,9.4.2026,1053,,618
@riderspardubice,instagram,4d6a67ab-9313-4f77-a82e-abb18adbca5d,1.4.2026,3869,30821,
@hcupolomouc,instagram,2d87eafd-cf41-4f3e-97d3-6eeb795de43b,15.4.2026,1724,112,
@univerzitnihokej,instagram,1e114592-3529-4cfe-9977-2598454053af,15.4.2026,13472,865196,
@vychodoceskederbyuniverzit,facebook,f629bac9-817b-48ec-ad8a-dcc58fc55ea9,15.4.2026,64,,12
@BOhokej,facebook,c9082543-a03b-490f-8f97-66d439acce89,21.4.2026,1592,,101
vsefalcons,instagram,709fceba-e311-48e7-9057-f54a587abf4a,21.4.2026,4659,1754697,
@hcnorthwings,facebook,2b08a479-603b-46e4-8a48-2bc0435ccd53,10.4.2026,1171,,468
vsefalcons,instagram,709fceba-e311-48e7-9057-f54a587abf4a,12.1.2026,3094,683967,
@cvutengineers,instagram,11963a07-7f0f-48e6-9d81-aa63a7ff4a04,2.4.2026,7635,14911,
@hcnorthwings,facebook,2b08a479-603b-46e4-8a48-2bc0435ccd53,7.4.2026,1171,,88
@bitva_o_budejce,instagram,f977c0af-061e-4c10-813f-da5818f8a748,13.4.2026,721,291,
vsefalcons,instagram,709fceba-e311-48e7-9057-f54a587abf4a,8.4.2026,4602,1303920,
@united_hk,instagram,b18c071b-0570-48b2-b743-990c668c3c5b,8.4.2026,2906,4989,
@vychodoceskederbyuniverzit,facebook,f629bac9-817b-48ec-ad8a-dcc58fc55ea9,8.4.2026,64,,4
@hcmuni,facebook,d1f9e9f9-7526-42d4-85aa-13f91e89f7cf,19.4.2026,3445,,10253
@akademiciplzen,instagram,65494228-95bf-4f7b-8e68-d47d7262db66,19.4.2026,9028,222896,
vsefalcons,instagram,709fceba-e311-48e7-9057-f54a587abf4a,24.3.2026,4485,1046269,
@hcupolomouc,instagram,2d87eafd-cf41-4f3e-97d3-6eeb795de43b,6.4.2026,1732,44,
@riderspardubice,instagram,4d6a67ab-9313-4f77-a82e-abb18adbca5d,6.4.2026,3875,130555,
@AkademiciPlzen,facebook,d87b94e3-03e8-45d0-b92e-75e9b819545c,6.4.2026,5559,,3382
vsefalcons,instagram,709fceba-e311-48e7-9057-f54a587abf4a,5.3.2026,3732,1511931,
@vutcavaliersbrno,instagram,b384bebf-72f3-4f9d-8b2d-3677709f6966,17.4.2026,3473,152420,
@hcupolomouc,instagram,2d87eafd-cf41-4f3e-97d3-6eeb795de43b,17.4.2026,1723,122,
@derbyuniverzit,instagram,be83cfc5-0fa6-4f25-987e-ef890dd591ee,17.4.2026,946,1746,
@unitedhk,facebook,bfe6cc29-a387-41b9-9bca-b077722556af,17.4.2026,369,,93
vsefalcons,instagram,709fceba-e311-48e7-9057-f54a587abf4a,11.3.2026,4000,734723,
vsefalcons,instagram,709fceba-e311-48e7-9057-f54a587abf4a,25.3.2026,4508,1060460,
@hcnorthwings,facebook,2b08a479-603b-46e4-8a48-2bc0435ccd53,4.4.2026,1171,,1696
@cvutengineers,instagram,11963a07-7f0f-48e6-9d81-aa63a7ff4a04,3.4.2026,7635,21540,
@boostrava,instagram,1176ddaf-d366-48a2-9639-3c6694c72c85,3.4.2026,2404,2938,
@riderspardubice,facebook,f99ed6c3-17cc-46f4-a32e-d9b0576ce2df,20.4.2026,1249,,476
@engineersprague,facebook,afd06d1d-7b1c-4f66-8d93-ce4255ab773c,20.4.2026,3905,,308
@riderspardubice,facebook,f99ed6c3-17cc-46f4-a32e-d9b0576ce2df,9.4.2026,1239,,3572
@bitvaoprahu,facebook,75e0f41f-82be-4f82-a77b-82ac11135ed2,9.4.2026,1121,,9423
@hcmuni,facebook,d1f9e9f9-7526-42d4-85aa-13f91e89f7cf,9.4.2026,3447,,605
@VUTCavaliersBrno,facebook,3351b43e-4b71-442b-b2f1-920cd6e57ee5,9.4.2026,2013,,1265
@univerzitnihokej,facebook,01b45180-0b14-4a14-96e8-d0a4bab1fb9f,15.4.2026,4984,,4760
@VUTCavaliersBrno,facebook,3351b43e-4b71-442b-b2f1-920cd6e57ee5,15.4.2026,2022,,5621
@riderspardubice,facebook,f99ed6c3-17cc-46f4-a32e-d9b0576ce2df,21.4.2026,1250,,1282
@univerzitnihokej,facebook,01b45180-0b14-4a14-96e8-d0a4bab1fb9f,10.4.2026,4977,,10155
@bitvaoprahu,instagram,d7c8aa06-74fb-4c6c-a7d2-c2fe1bf6d59c,16.4.2026,5311,501613,
@derbyuniverzit,instagram,be83cfc5-0fa6-4f25-987e-ef890dd591ee,16.4.2026,947,1619,
@vutcavaliersbrno,instagram,b384bebf-72f3-4f9d-8b2d-3677709f6966,2.4.2026,3470,22954,
@akademiciplzen,instagram,65494228-95bf-4f7b-8e68-d47d7262db66,7.4.2026,9028,139326,
@univerzitnihokej,facebook,01b45180-0b14-4a14-96e8-d0a4bab1fb9f,7.4.2026,4963,,7043
@united_hk,instagram,b18c071b-0570-48b2-b743-990c668c3c5b,13.4.2026,2904,17245,
vsefalcons,instagram,709fceba-e311-48e7-9057-f54a587abf4a,19.1.2026,3128,740915,
@hcnorthwings,facebook,2b08a479-603b-46e4-8a48-2bc0435ccd53,14.4.2026,1170,,253
@hcupolomouc,instagram,2d87eafd-cf41-4f3e-97d3-6eeb795de43b,14.4.2026,1725,105,
@boostrava,instagram,1176ddaf-d366-48a2-9639-3c6694c72c85,14.4.2026,2397,16323,
@united_hk,tiktok,7e062517-b9da-416d-b73d-a2c5899a2be6,19.4.2026,778,,
@riderspardubice,instagram,4d6a67ab-9313-4f77-a82e-abb18adbca5d,5.4.2026,3877,112738,
vsefalcons,instagram,709fceba-e311-48e7-9057-f54a587abf4a,2.1.2026,3028,593985,
@united_hk,tiktok,7e062517-b9da-416d-b73d-a2c5899a2be6,12.4.2026,777,,
@riderspardubice,instagram,4d6a67ab-9313-4f77-a82e-abb18adbca5d,12.4.2026,3874,208728,
@hcmuni,facebook,d1f9e9f9-7526-42d4-85aa-13f91e89f7cf,17.4.2026,3446,,8559
@VUTCavaliersBrno,facebook,3351b43e-4b71-442b-b2f1-920cd6e57ee5,17.4.2026,2023,,2320
@hcmuni,facebook,d1f9e9f9-7526-42d4-85aa-13f91e89f7cf,11.4.2026,3446,,470
vsefalcons,instagram,709fceba-e311-48e7-9057-f54a587abf4a,21.2.2026,3600,1369757,
@derbyuniverzit,instagram,be83cfc5-0fa6-4f25-987e-ef890dd591ee,18.4.2026,946,1811,
@univerzitnihokej,facebook,01b45180-0b14-4a14-96e8-d0a4bab1fb9f,3.4.2026,4921,,6025
vsefalcons,instagram,709fceba-e311-48e7-9057-f54a587abf4a,2.2.2026,3216,878608,
@akademiciplzen,instagram,65494228-95bf-4f7b-8e68-d47d7262db66,20.4.2026,9027,228599,
@hokejovy_souboj_univerzit,instagram,cb4021a2-14da-41f5-8b43-0502f11720aa,9.4.2026,2744,10457,
@unitedhk,facebook,bfe6cc29-a387-41b9-9bca-b077722556af,9.4.2026,368,,349
@boostrava,instagram,1176ddaf-d366-48a2-9639-3c6694c72c85,1.4.2026,2404,471,
@bitvaoprahu,facebook,75e0f41f-82be-4f82-a77b-82ac11135ed2,15.4.2026,1163,,46785
@bitva_o_budejce,instagram,f977c0af-061e-4c10-813f-da5818f8a748,15.4.2026,722,371,
@VUTCavaliersBrno,facebook,3351b43e-4b71-442b-b2f1-920cd6e57ee5,21.4.2026,2021,,1103
@hcupolomouc,instagram,2d87eafd-cf41-4f3e-97d3-6eeb795de43b,21.4.2026,1723,150,
@bitvaoprahu,facebook,75e0f41f-82be-4f82-a77b-82ac11135ed2,10.4.2026,1124,,9843
@hcupolomouc,instagram,2d87eafd-cf41-4f3e-97d3-6eeb795de43b,10.4.2026,1728,78,
@bitva_o_budejce,instagram,f977c0af-061e-4c10-813f-da5818f8a748,10.4.2026,725,141,
@hc_muni,instagram,43cd62c8-609d-4ea6-8ce9-cae5242ede0c,16.4.2026,4714,80085,
vsefalcons,instagram,709fceba-e311-48e7-9057-f54a587abf4a,27.3.2026,4533,1080652,
vsefalcons,instagram,709fceba-e311-48e7-9057-f54a587abf4a,6.2.2026,3293,969261,
@bitvaoprahu,facebook,75e0f41f-82be-4f82-a77b-82ac11135ed2,8.4.2026,1119,,10636
@vutcavaliersbrno,instagram,b384bebf-72f3-4f9d-8b2d-3677709f6966,8.4.2026,3475,66015,
@engineersprague,facebook,afd06d1d-7b1c-4f66-8d93-ce4255ab773c,8.4.2026,3905,,1441
@AkademiciPlzen,facebook,d87b94e3-03e8-45d0-b92e-75e9b819545c,14.4.2026,5565,,1352
@engineersprague,facebook,afd06d1d-7b1c-4f66-8d93-ce4255ab773c,19.4.2026,3905,,426
@hcupolomouc,facebook,2ade9992-8ce5-433a-a017-780fa6157ede,6.4.2026,1962,,21
@cvutengineers,instagram,11963a07-7f0f-48e6-9d81-aa63a7ff4a04,6.4.2026,7640,35955,
@hcnorthwings,facebook,2b08a479-603b-46e4-8a48-2bc0435ccd53,12.4.2026,1171,,228
@cvutengineers,instagram,11963a07-7f0f-48e6-9d81-aa63a7ff4a04,12.4.2026,7667,105095,
vsefalcons,instagram,709fceba-e311-48e7-9057-f54a587abf4a,17.1.2026,3116,717423,
@united_hk,tiktok,7e062517-b9da-416d-b73d-a2c5899a2be6,17.4.2026,778,,
@BOhokej,facebook,c9082543-a03b-490f-8f97-66d439acce89,17.4.2026,1591,,1199
vsefalcons,instagram,709fceba-e311-48e7-9057-f54a587abf4a,14.1.2026,3099,695322,
vsefalcons,instagram,709fceba-e311-48e7-9057-f54a587abf4a,9.1.2026,3076,650941,
@boostrava,instagram,1176ddaf-d366-48a2-9639-3c6694c72c85,18.4.2026,2400,27338,
@riderspardubice,instagram,4d6a67ab-9313-4f77-a82e-abb18adbca5d,3.4.2026,3875,79267,
vsefalcons,instagram,709fceba-e311-48e7-9057-f54a587abf4a,15.1.2026,3103,699637,
@univerzitnihokej,facebook,01b45180-0b14-4a14-96e8-d0a4bab1fb9f,9.4.2026,4968,,3879
@hcnorthwings,facebook,2b08a479-603b-46e4-8a48-2bc0435ccd53,1.4.2026,1172,,144
@univerzitnihokej,instagram,1e114592-3529-4cfe-9977-2598454053af,1.4.2026,13298,50995,
@akademiciplzen,instagram,65494228-95bf-4f7b-8e68-d47d7262db66,15.4.2026,9020,211539,
@218107044725785,facebook,7a942e3e-6c47-4794-9ba7-bbc7b6d40cb3,15.4.2026,1054,,387
@hc_muni,instagram,43cd62c8-609d-4ea6-8ce9-cae5242ede0c,21.4.2026,4712,153360,
@bitvaoprahu,instagram,d7c8aa06-74fb-4c6c-a7d2-c2fe1bf6d59c,21.4.2026,5307,561783,
@riderspardubice,instagram,4d6a67ab-9313-4f77-a82e-abb18adbca5d,10.4.2026,3870,191355,
vsefalcons,instagram,709fceba-e311-48e7-9057-f54a587abf4a,29.3.2026,4556,1098244,
@akademiciplzen,instagram,65494228-95bf-4f7b-8e68-d47d7262db66,2.4.2026,9020,43454,
@univerzitnihokej,facebook,01b45180-0b14-4a14-96e8-d0a4bab1fb9f,2.4.2026,4919,,1619
@united_hk,tiktok,7e062517-b9da-416d-b73d-a2c5899a2be6,7.4.2026,776,,
@riderspardubice,instagram,4d6a67ab-9313-4f77-a82e-abb18adbca5d,7.4.2026,3875,147850,
@boostrava,instagram,1176ddaf-d366-48a2-9639-3c6694c72c85,13.4.2026,2399,15621,
@hokejovy_souboj_univerzit,instagram,cb4021a2-14da-41f5-8b43-0502f11720aa,8.4.2026,2740,7163,
@742626308943576,facebook,afcb2720-0a77-4413-95f4-2247bcb8a565,8.4.2026,20,,
@riderspardubice,instagram,4d6a67ab-9313-4f77-a82e-abb18adbca5d,14.4.2026,3881,236402,
@engineersprague,facebook,afd06d1d-7b1c-4f66-8d93-ce4255ab773c,14.4.2026,3905,,415
@BOhokej,facebook,c9082543-a03b-490f-8f97-66d439acce89,5.4.2026,1584,,849
@riderspardubice,instagram,4d6a67ab-9313-4f77-a82e-abb18adbca5d,19.4.2026,3905,252877,
@bitva_o_budejce,instagram,f977c0af-061e-4c10-813f-da5818f8a748,19.4.2026,722,608,
@BOhokej,facebook,c9082543-a03b-490f-8f97-66d439acce89,19.4.2026,1592,,313
vsefalcons,instagram,709fceba-e311-48e7-9057-f54a587abf4a,23.2.2026,3641,1402224,
vsefalcons,instagram,709fceba-e311-48e7-9057-f54a587abf4a,4.2.2026,3236,904685,
@hcupolomouc,instagram,2d87eafd-cf41-4f3e-97d3-6eeb795de43b,4.4.2026,1732,25,
@hokejovy_souboj_univerzit,instagram,cb4021a2-14da-41f5-8b43-0502f11720aa,20.4.2026,2784,39370,
@BOhokej,facebook,c9082543-a03b-490f-8f97-66d439acce89,1.4.2026,1583,,502
vsefalcons,instagram,709fceba-e311-48e7-9057-f54a587abf4a,26.1.2026,3184,806511,
@univerzitnihokej,instagram,1e114592-3529-4cfe-9977-2598454053af,21.4.2026,13613,967335,
@cvutengineers,instagram,11963a07-7f0f-48e6-9d81-aa63a7ff4a04,21.4.2026,7710,160494,
@vychodoceskederbyuniverzit,facebook,f629bac9-817b-48ec-ad8a-dcc58fc55ea9,10.4.2026,64,,2
vsefalcons,instagram,709fceba-e311-48e7-9057-f54a587abf4a,25.2.2026,3672,1428187,
@akademici_plzen,tiktok,8f78cb3d-9c53-4c33-9f39-e6526fd8fa1c,13.4.2026,6072,,
vsefalcons,instagram,709fceba-e311-48e7-9057-f54a587abf4a,5.2.2026,3252,924597,
vsefalcons,instagram,709fceba-e311-48e7-9057-f54a587abf4a,24.1.2026,3179,791266,
@akademici_plzen,tiktok,8f78cb3d-9c53-4c33-9f39-e6526fd8fa1c,8.4.2026,6074,,
@bitvaoprahu,facebook,75e0f41f-82be-4f82-a77b-82ac11135ed2,14.4.2026,1162,,13305
@hcupolomouc,facebook,2ade9992-8ce5-433a-a017-780fa6157ede,14.4.2026,1960,,5
vsefalcons,instagram,709fceba-e311-48e7-9057-f54a587abf4a,26.2.2026,3680,1436233,
vsefalcons,instagram,709fceba-e311-48e7-9057-f54a587abf4a,10.1.2026,3090,664475,
vsefalcons,instagram,709fceba-e311-48e7-9057-f54a587abf4a,18.3.2026,4171,871986,
@univerzitnihokej,facebook,01b45180-0b14-4a14-96e8-d0a4bab1fb9f,5.4.2026,4945,,38876
@VUTCavaliersBrno,facebook,3351b43e-4b71-442b-b2f1-920cd6e57ee5,19.4.2026,2021,,1480
vsefalcons,instagram,709fceba-e311-48e7-9057-f54a587abf4a,18.2.2026,3552,1293676,
@BOhokej,facebook,c9082543-a03b-490f-8f97-66d439acce89,6.4.2026,1583,,370
vsefalcons,instagram,709fceba-e311-48e7-9057-f54a587abf4a,19.3.2026,4241,936998,
@vutcavaliersbrno,instagram,b384bebf-72f3-4f9d-8b2d-3677709f6966,12.4.2026,3473,113798,
@hcupolomouc,instagram,2d87eafd-cf41-4f3e-97d3-6eeb795de43b,12.4.2026,1726,91,
@univerzitnihokej,facebook,01b45180-0b14-4a14-96e8-d0a4bab1fb9f,11.4.2026,4975,,17245
vsefalcons,instagram,709fceba-e311-48e7-9057-f54a587abf4a,17.3.2026,4143,854987,
@cvutengineers,instagram,11963a07-7f0f-48e6-9d81-aa63a7ff4a04,4.4.2026,7636,27371,
@bitva_o_budejce,instagram,f977c0af-061e-4c10-813f-da5818f8a748,18.4.2026,722,564,
@AkademiciPlzen,facebook,d87b94e3-03e8-45d0-b92e-75e9b819545c,18.4.2026,5565,,3244
@univerzitnihokej,facebook,01b45180-0b14-4a14-96e8-d0a4bab1fb9f,20.4.2026,4989,,2239
@hsubrno,facebook,86b4295e-45a1-49a4-a7a5-1a550c3f4bec,9.4.2026,699,,1729
vsefalcons,instagram,709fceba-e311-48e7-9057-f54a587abf4a,9.4.2026,4602,1329246,
@hcnorthwings,facebook,2b08a479-603b-46e4-8a48-2bc0435ccd53,15.4.2026,1170,,2445
@bitvaoprahu,instagram,d7c8aa06-74fb-4c6c-a7d2-c2fe1bf6d59c,15.4.2026,5308,463241,
@BOhokej,facebook,c9082543-a03b-490f-8f97-66d439acce89,15.4.2026,1590,,222
@united_hk,instagram,b18c071b-0570-48b2-b743-990c668c3c5b,10.4.2026,2904,10398,
@akademici_plzen,tiktok,8f78cb3d-9c53-4c33-9f39-e6526fd8fa1c,16.4.2026,6070,,
@hsubrno,facebook,86b4295e-45a1-49a4-a7a5-1a550c3f4bec,16.4.2026,702,,276
vsefalcons,instagram,709fceba-e311-48e7-9057-f54a587abf4a,14.2.2026,3503,1177408,
vsefalcons,instagram,709fceba-e311-48e7-9057-f54a587abf4a,27.1.2026,3192,813731,
@bitva_o_budejce,instagram,f977c0af-061e-4c10-813f-da5818f8a748,7.4.2026,721,26,
@218107044725785,facebook,7a942e3e-6c47-4794-9ba7-bbc7b6d40cb3,7.4.2026,1052,,424
@univerzitnihokej,facebook,01b45180-0b14-4a14-96e8-d0a4bab1fb9f,13.4.2026,4978,,7247
@218107044725785,facebook,7a942e3e-6c47-4794-9ba7-bbc7b6d40cb3,14.4.2026,1054,,752
@VUTCavaliersBrno,facebook,3351b43e-4b71-442b-b2f1-920cd6e57ee5,14.4.2026,2019,,4555
@hcmuni,facebook,d1f9e9f9-7526-42d4-85aa-13f91e89f7cf,5.4.2026,3445,,1793
@univerzitnihokej,instagram,1e114592-3529-4cfe-9977-2598454053af,5.4.2026,13352,289354,
@bitvaoprahu,instagram,d7c8aa06-74fb-4c6c-a7d2-c2fe1bf6d59c,19.4.2026,5316,542213,
@hokejovy_souboj_univerzit,instagram,cb4021a2-14da-41f5-8b43-0502f11720aa,12.4.2026,2751,18600,
@218107044725785,facebook,7a942e3e-6c47-4794-9ba7-bbc7b6d40cb3,12.4.2026,1052,,874
@united_hk,instagram,b18c071b-0570-48b2-b743-990c668c3c5b,17.4.2026,2902,34454,
@bitvaoprahu,instagram,d7c8aa06-74fb-4c6c-a7d2-c2fe1bf6d59c,11.4.2026,5309,225436,
vsefalcons,instagram,709fceba-e311-48e7-9057-f54a587abf4a,20.2.2026,3580,1357255,
@hc_muni,instagram,43cd62c8-609d-4ea6-8ce9-cae5242ede0c,18.4.2026,4714,115431,
@218107044725785,facebook,7a942e3e-6c47-4794-9ba7-bbc7b6d40cb3,18.4.2026,1056,,468
@univerzitnihokej,facebook,01b45180-0b14-4a14-96e8-d0a4bab1fb9f,18.4.2026,4988,,3019
@hcnorthwings,facebook,2b08a479-603b-46e4-8a48-2bc0435ccd53,20.4.2026,1170,,213
@AkademiciPlzen,facebook,d87b94e3-03e8-45d0-b92e-75e9b819545c,20.4.2026,5566,,1412
vsefalcons,instagram,709fceba-e311-48e7-9057-f54a587abf4a,20.4.2026,4653,1723189,
@akademici_plzen,tiktok,8f78cb3d-9c53-4c33-9f39-e6526fd8fa1c,9.4.2026,6073,,
@vutcavaliersbrno,instagram,b384bebf-72f3-4f9d-8b2d-3677709f6966,9.4.2026,3470,73731,
@riderspardubice,facebook,f99ed6c3-17cc-46f4-a32e-d9b0576ce2df,1.4.2026,1233,,4393
@univerzitnihokej,facebook,01b45180-0b14-4a14-96e8-d0a4bab1fb9f,1.4.2026,4919,,2397
vsefalcons,instagram,709fceba-e311-48e7-9057-f54a587abf4a,8.3.2026,3869,1597324,
@unitedhk,facebook,bfe6cc29-a387-41b9-9bca-b077722556af,15.4.2026,369,,60
@hokejovy_souboj_univerzit,instagram,cb4021a2-14da-41f5-8b43-0502f11720aa,21.4.2026,2795,43012,
@218107044725785,facebook,7a942e3e-6c47-4794-9ba7-bbc7b6d40cb3,10.4.2026,1052,,601
vsefalcons,instagram,709fceba-e311-48e7-9057-f54a587abf4a,28.2.2026,3705,1453599,
@hcupolomouc,facebook,2ade9992-8ce5-433a-a017-780fa6157ede,7.4.2026,1962,,11
@hsubrno,facebook,86b4295e-45a1-49a4-a7a5-1a550c3f4bec,13.4.2026,701,,845
@bitvaoprahu,instagram,d7c8aa06-74fb-4c6c-a7d2-c2fe1bf6d59c,13.4.2026,5309,411290,
@hokejovy_souboj_univerzit,instagram,cb4021a2-14da-41f5-8b43-0502f11720aa,13.4.2026,2753,22493,
@unitedhk,facebook,bfe6cc29-a387-41b9-9bca-b077722556af,8.4.2026,368,,222
@BOhokej,facebook,c9082543-a03b-490f-8f97-66d439acce89,8.4.2026,1584,,104
@hcmuni,facebook,d1f9e9f9-7526-42d4-85aa-13f91e89f7cf,14.4.2026,3447,,1530
@hcupolomouc,instagram,2d87eafd-cf41-4f3e-97d3-6eeb795de43b,5.4.2026,1732,36,
vsefalcons,instagram,709fceba-e311-48e7-9057-f54a587abf4a,4.3.2026,3729,1500248,
@akademiciplzen,instagram,65494228-95bf-4f7b-8e68-d47d7262db66,6.4.2026,9030,127745,
@hcmuni,facebook,d1f9e9f9-7526-42d4-85aa-13f91e89f7cf,12.4.2026,3447,,179
vsefalcons,instagram,709fceba-e311-48e7-9057-f54a587abf4a,3.1.2026,3032,600030,
@bitva_o_budejce,instagram,f977c0af-061e-4c10-813f-da5818f8a748,11.4.2026,722,209,
@united_hk,tiktok,7e062517-b9da-416d-b73d-a2c5899a2be6,18.4.2026,779,,
@riderspardubice,facebook,f99ed6c3-17cc-46f4-a32e-d9b0576ce2df,18.4.2026,1247,,1515
@bitvaoprahu,facebook,75e0f41f-82be-4f82-a77b-82ac11135ed2,18.4.2026,1163,,28636
@engineersprague,facebook,afd06d1d-7b1c-4f66-8d93-ce4255ab773c,18.4.2026,3905,,880
@hc_muni,instagram,43cd62c8-609d-4ea6-8ce9-cae5242ede0c,9.4.2026,4726,45566,
@engineersprague,facebook,afd06d1d-7b1c-4f66-8d93-ce4255ab773c,9.4.2026,3904,,2210
@cvutengineers,instagram,11963a07-7f0f-48e6-9d81-aa63a7ff4a04,15.4.2026,7679,129789,
@boostrava,instagram,1176ddaf-d366-48a2-9639-3c6694c72c85,15.4.2026,2397,17649,
@engineersprague,facebook,afd06d1d-7b1c-4f66-8d93-ce4255ab773c,15.4.2026,3905,,611
@akademiciplzen,instagram,65494228-95bf-4f7b-8e68-d47d7262db66,21.4.2026,9024,235416,
@cvutengineers,instagram,11963a07-7f0f-48e6-9d81-aa63a7ff4a04,10.4.2026,7663,72196,
@univerzitnihokej,instagram,1e114592-3529-4cfe-9977-2598454053af,10.4.2026,13392,471895,
@AkademiciPlzen,facebook,d87b94e3-03e8-45d0-b92e-75e9b819545c,10.4.2026,5566,,1932
@hcupolomouc,facebook,2ade9992-8ce5-433a-a017-780fa6157ede,16.4.2026,1960,,3
@218107044725785,facebook,7a942e3e-6c47-4794-9ba7-bbc7b6d40cb3,16.4.2026,1054,,1358
@bitvaoprahu,facebook,75e0f41f-82be-4f82-a77b-82ac11135ed2,13.4.2026,1148,,18506
@hcnorthwings,facebook,2b08a479-603b-46e4-8a48-2bc0435ccd53,13.4.2026,1171,,171
@derbyuniverzit,instagram,be83cfc5-0fa6-4f25-987e-ef890dd591ee,13.4.2026,949,1215,
@hcnorthwings,facebook,2b08a479-603b-46e4-8a48-2bc0435ccd53,8.4.2026,1171,,278
@riderspardubice,facebook,f99ed6c3-17cc-46f4-a32e-d9b0576ce2df,14.4.2026,1244,,1673
@hc_muni,instagram,43cd62c8-609d-4ea6-8ce9-cae5242ede0c,14.4.2026,4713,60805,
vsefalcons,instagram,709fceba-e311-48e7-9057-f54a587abf4a,21.1.2026,3156,763908,
@engineersprague,facebook,afd06d1d-7b1c-4f66-8d93-ce4255ab773c,12.4.2026,3905,,2049
@hcupolomouc,facebook,2ade9992-8ce5-433a-a017-780fa6157ede,17.4.2026,1960,,11
@bitvaoprahu,instagram,d7c8aa06-74fb-4c6c-a7d2-c2fe1bf6d59c,17.4.2026,5311,516967,
@bitva_o_budejce,instagram,f977c0af-061e-4c10-813f-da5818f8a748,17.4.2026,722,515,
vsefalcons,instagram,709fceba-e311-48e7-9057-f54a587abf4a,21.3.2026,4412,1000754,
@vutcavaliersbrno,instagram,b384bebf-72f3-4f9d-8b2d-3677709f6966,4.4.2026,3476,38447,
@bitvaoprahu,instagram,d7c8aa06-74fb-4c6c-a7d2-c2fe1bf6d59c,18.4.2026,5316,528779,
@BOhokej,facebook,c9082543-a03b-490f-8f97-66d439acce89,18.4.2026,1591,,337
@vutcavaliersbrno,instagram,b384bebf-72f3-4f9d-8b2d-3677709f6966,3.4.2026,3473,30579,
@BOhokej,facebook,c9082543-a03b-490f-8f97-66d439acce89,3.4.2026,1583,,1132
@united_hk,instagram,b18c071b-0570-48b2-b743-990c668c3c5b,20.4.2026,2900,42352,
@742626308943576,facebook,afcb2720-0a77-4413-95f4-2247bcb8a565,9.4.2026,20,,
@akademici_plzen,tiktok,8f78cb3d-9c53-4c33-9f39-e6526fd8fa1c,20.4.2026,6068,,
@riderspardubice,instagram,4d6a67ab-9313-4f77-a82e-abb18adbca5d,15.4.2026,3886,243043,
@united_hk,instagram,b18c071b-0570-48b2-b743-990c668c3c5b,15.4.2026,2902,28357,
@hcmuni,facebook,d1f9e9f9-7526-42d4-85aa-13f91e89f7cf,21.4.2026,3445,,5964
@united_hk,instagram,b18c071b-0570-48b2-b743-990c668c3c5b,21.4.2026,2898,45082,
@engineersprague,facebook,afd06d1d-7b1c-4f66-8d93-ce4255ab773c,16.4.2026,3905,,474
@hcnorthwings,facebook,2b08a479-603b-46e4-8a48-2bc0435ccd53,2.4.2026,1172,,53
vsefalcons,instagram,709fceba-e311-48e7-9057-f54a587abf4a,10.2.2026,3431,1093222,
vsefalcons,instagram,709fceba-e311-48e7-9057-f54a587abf4a,31.3.2026,4573,1121474,
vsefalcons,instagram,709fceba-e311-48e7-9057-f54a587abf4a,11.2.2026,3454,1119984,
@hc_muni,instagram,43cd62c8-609d-4ea6-8ce9-cae5242ede0c,8.4.2026,4727,38826,
vsefalcons,instagram,709fceba-e311-48e7-9057-f54a587abf4a,13.3.2026,4059,781650,
@akademici_plzen,tiktok,8f78cb3d-9c53-4c33-9f39-e6526fd8fa1c,14.4.2026,6071,,
@akademiciplzen,instagram,65494228-95bf-4f7b-8e68-d47d7262db66,14.4.2026,9020,201844,
vsefalcons,instagram,709fceba-e311-48e7-9057-f54a587abf4a,5.4.2026,4598,1204735,
@univerzitnihokej,facebook,01b45180-0b14-4a14-96e8-d0a4bab1fb9f,19.4.2026,4989,,1429
vsefalcons,instagram,709fceba-e311-48e7-9057-f54a587abf4a,10.3.2026,3955,1657579,
@hcupolomouc,facebook,2ade9992-8ce5-433a-a017-780fa6157ede,12.4.2026,1961,,8
@engineersprague,facebook,afd06d1d-7b1c-4f66-8d93-ce4255ab773c,17.4.2026,3905,,337
@218107044725785,facebook,7a942e3e-6c47-4794-9ba7-bbc7b6d40cb3,11.4.2026,1052,,2194
vsefalcons,instagram,709fceba-e311-48e7-9057-f54a587abf4a,22.3.2026,4445,1013395,
@VUTCavaliersBrno,facebook,3351b43e-4b71-442b-b2f1-920cd6e57ee5,4.4.2026,2013,,1815
vsefalcons,instagram,709fceba-e311-48e7-9057-f54a587abf4a,20.1.2026,3138,752114,
vsefalcons,instagram,709fceba-e311-48e7-9057-f54a587abf4a,18.4.2026,4648,1638178,
@hcupolomouc,instagram,2d87eafd-cf41-4f3e-97d3-6eeb795de43b,3.4.2026,1732,18,
@united_hk,instagram,b18c071b-0570-48b2-b743-990c668c3c5b,9.4.2026,2904,8561,
@derbyuniverzit,instagram,be83cfc5-0fa6-4f25-987e-ef890dd591ee,15.4.2026,947,1393,
@hcnorthwings,facebook,2b08a479-603b-46e4-8a48-2bc0435ccd53,21.4.2026,1170,,52
@bitva_o_budejce,instagram,f977c0af-061e-4c10-813f-da5818f8a748,21.4.2026,721,687,
@akademici_plzen,tiktok,8f78cb3d-9c53-4c33-9f39-e6526fd8fa1c,10.4.2026,6074,,
@VUTCavaliersBrno,facebook,3351b43e-4b71-442b-b2f1-920cd6e57ee5,10.4.2026,2015,,1114
@BOhokej,facebook,c9082543-a03b-490f-8f97-66d439acce89,10.4.2026,1589,,660
@742626308943576,facebook,afcb2720-0a77-4413-95f4-2247bcb8a565,10.4.2026,20,,3
@united_hk,tiktok,7e062517-b9da-416d-b73d-a2c5899a2be6,16.4.2026,778,,
@riderspardubice,facebook,f99ed6c3-17cc-46f4-a32e-d9b0576ce2df,16.4.2026,1246,,1155
@AkademiciPlzen,facebook,d87b94e3-03e8-45d0-b92e-75e9b819545c,16.4.2026,5565,,1923
@riderspardubice,facebook,f99ed6c3-17cc-46f4-a32e-d9b0576ce2df,7.4.2026,1236,,1444
@vutcavaliersbrno,instagram,b384bebf-72f3-4f9d-8b2d-3677709f6966,7.4.2026,3474,60353,
@united_hk,instagram,b18c071b-0570-48b2-b743-990c668c3c5b,7.4.2026,2906,2304,
@united_hk,tiktok,7e062517-b9da-416d-b73d-a2c5899a2be6,13.4.2026,777,,
@VUTCavaliersBrno,facebook,3351b43e-4b71-442b-b2f1-920cd6e57ee5,8.4.2026,2012,,1353
@unitedhk,facebook,bfe6cc29-a387-41b9-9bca-b077722556af,14.4.2026,370,,202
@AkademiciPlzen,facebook,d87b94e3-03e8-45d0-b92e-75e9b819545c,5.4.2026,5557,,4187
@hsubrno,facebook,86b4295e-45a1-49a4-a7a5-1a550c3f4bec,19.4.2026,702,,334
@hcupolomouc,instagram,2d87eafd-cf41-4f3e-97d3-6eeb795de43b,19.4.2026,1722,135,
@AkademiciPlzen,facebook,d87b94e3-03e8-45d0-b92e-75e9b819545c,19.4.2026,5565,,1878
@united_hk,instagram,b18c071b-0570-48b2-b743-990c668c3c5b,12.4.2026,2909,13976,
@hc_muni,instagram,43cd62c8-609d-4ea6-8ce9-cae5242ede0c,17.4.2026,4716,90306,
@218107044725785,facebook,7a942e3e-6c47-4794-9ba7-bbc7b6d40cb3,17.4.2026,1056,,331
vsefalcons,instagram,709fceba-e311-48e7-9057-f54a587abf4a,16.1.2026,3107,709808,
@boostrava,instagram,1176ddaf-d366-48a2-9639-3c6694c72c85,4.4.2026,2404,4584,
@hokejovy_souboj_univerzit,instagram,cb4021a2-14da-41f5-8b43-0502f11720aa,18.4.2026,2764,35010,
@riderspardubice,facebook,f99ed6c3-17cc-46f4-a32e-d9b0576ce2df,3.4.2026,1233,,1979
@hcmuni,facebook,d1f9e9f9-7526-42d4-85aa-13f91e89f7cf,3.4.2026,3446,,2120
@AkademiciPlzen,facebook,d87b94e3-03e8-45d0-b92e-75e9b819545c,3.4.2026,5555,,14746
@akademiciplzen,instagram,65494228-95bf-4f7b-8e68-d47d7262db66,1.4.2026,9008,23778,
vsefalcons,instagram,709fceba-e311-48e7-9057-f54a587abf4a,13.2.2026,3488,1159808,
@bitvaoprahu,facebook,75e0f41f-82be-4f82-a77b-82ac11135ed2,21.4.2026,1163,,22856
@riderspardubice,facebook,f99ed6c3-17cc-46f4-a32e-d9b0576ce2df,10.4.2026,1240,,2868
@engineersprague,facebook,afd06d1d-7b1c-4f66-8d93-ce4255ab773c,10.4.2026,3904,,566
vsefalcons,instagram,709fceba-e311-48e7-9057-f54a587abf4a,14.3.2026,4096,801770,
@bitva_o_budejce,instagram,f977c0af-061e-4c10-813f-da5818f8a748,16.4.2026,722,456,
@hcmuni,facebook,d1f9e9f9-7526-42d4-85aa-13f91e89f7cf,2.4.2026,3447,,3250
@BOhokej,facebook,c9082543-a03b-490f-8f97-66d439acce89,2.4.2026,1583,,205
@riderspardubice,facebook,f99ed6c3-17cc-46f4-a32e-d9b0576ce2df,13.4.2026,1243,,1739
@BOhokej,facebook,c9082543-a03b-490f-8f97-66d439acce89,13.4.2026,1590,,85
@united_hk,tiktok,7e062517-b9da-416d-b73d-a2c5899a2be6,8.4.2026,776,,
@cvutengineers,instagram,11963a07-7f0f-48e6-9d81-aa63a7ff4a04,8.4.2026,7661,56319,
@hcupolomouc,instagram,2d87eafd-cf41-4f3e-97d3-6eeb795de43b,8.4.2026,1730,58,
@hsubrno,facebook,86b4295e-45a1-49a4-a7a5-1a550c3f4bec,14.4.2026,702,,475
vsefalcons,instagram,709fceba-e311-48e7-9057-f54a587abf4a,14.4.2026,4621,1435023,
@engineersprague,facebook,afd06d1d-7b1c-4f66-8d93-ce4255ab773c,5.4.2026,3904,,1782
@vutcavaliersbrno,instagram,b384bebf-72f3-4f9d-8b2d-3677709f6966,6.4.2026,3475,55350,
@univerzitnihokej,instagram,1e114592-3529-4cfe-9977-2598454053af,6.4.2026,13359,334408,
@akademici_plzen,tiktok,8f78cb3d-9c53-4c33-9f39-e6526fd8fa1c,12.4.2026,6073,,
@boostrava,instagram,1176ddaf-d366-48a2-9639-3c6694c72c85,12.4.2026,2401,13363,
@derbyuniverzit,instagram,be83cfc5-0fa6-4f25-987e-ef890dd591ee,12.4.2026,950,1124,
@unitedhk,facebook,bfe6cc29-a387-41b9-9bca-b077722556af,12.4.2026,369,,99
@VUTCavaliersBrno,facebook,3351b43e-4b71-442b-b2f1-920cd6e57ee5,11.4.2026,2014,,1690
@vychodoceskederbyuniverzit,facebook,f629bac9-817b-48ec-ad8a-dcc58fc55ea9,11.4.2026,64,,2
@AkademiciPlzen,facebook,d87b94e3-03e8-45d0-b92e-75e9b819545c,4.4.2026,5555,,9427
@VUTCavaliersBrno,facebook,3351b43e-4b71-442b-b2f1-920cd6e57ee5,18.4.2026,2022,,1306
@hcupolomouc,facebook,2ade9992-8ce5-433a-a017-780fa6157ede,20.4.2026,1960,,7
@VUTCavaliersBrno,facebook,3351b43e-4b71-442b-b2f1-920cd6e57ee5,20.4.2026,2021,,1976
@cvutengineers,instagram,11963a07-7f0f-48e6-9d81-aa63a7ff4a04,9.4.2026,7661,65450,
univerzitnihokej,tiktok,01c88cf9-594f-408e-a45a-95114221acae,20.4.2026,7431,,
vsefalcons,instagram,709fceba-e311-48e7-9057-f54a587abf4a,11.1.2026,3091,674039,
@akademiciplzen,instagram,65494228-95bf-4f7b-8e68-d47d7262db66,10.4.2026,9023,173552,
@boostrava,instagram,1176ddaf-d366-48a2-9639-3c6694c72c85,10.4.2026,2402,8678,
@hokejovy_souboj_univerzit,instagram,cb4021a2-14da-41f5-8b43-0502f11720aa,16.4.2026,2761,31395,
vsefalcons,instagram,709fceba-e311-48e7-9057-f54a587abf4a,20.3.2026,4324,987710,
@engineersprague,facebook,afd06d1d-7b1c-4f66-8d93-ce4255ab773c,2.4.2026,3905,,4187
vsefalcons,instagram,709fceba-e311-48e7-9057-f54a587abf4a,18.1.2026,3126,728813,
@univerzitnihokej,instagram,1e114592-3529-4cfe-9977-2598454053af,13.4.2026,13435,760460,
vsefalcons,instagram,709fceba-e311-48e7-9057-f54a587abf4a,30.1.2026,3202,832579,
univerzitnihokej,tiktok,01c88cf9-594f-408e-a45a-95114221acae,19.4.2026,7416,,
@hcupolomouc,facebook,2ade9992-8ce5-433a-a017-780fa6157ede,19.4.2026,1960,,2
@hokejovy_souboj_univerzit,instagram,cb4021a2-14da-41f5-8b43-0502f11720aa,19.4.2026,2770,36458,
@derbyuniverzit,instagram,be83cfc5-0fa6-4f25-987e-ef890dd591ee,19.4.2026,946,2039,
@unitedhk,facebook,bfe6cc29-a387-41b9-9bca-b077722556af,19.4.2026,369,,1671
@hcnorthwings,facebook,2b08a479-603b-46e4-8a48-2bc0435ccd53,6.4.2026,1171,,268
@univerzitnihokej,facebook,01b45180-0b14-4a14-96e8-d0a4bab1fb9f,6.4.2026,4957,,9862
@univerzitnihokej,instagram,1e114592-3529-4cfe-9977-2598454053af,12.4.2026,13417,679278,
@boostrava,instagram,1176ddaf-d366-48a2-9639-3c6694c72c85,11.4.2026,2401,10084,
@riderspardubice,instagram,4d6a67ab-9313-4f77-a82e-abb18adbca5d,11.4.2026,3875,199888,
@hokejovy_souboj_univerzit,instagram,cb4021a2-14da-41f5-8b43-0502f11720aa,11.4.2026,2748,15203,
vsefalcons,instagram,709fceba-e311-48e7-9057-f54a587abf4a,11.4.2026,4609,1380018,
@unitedhk,facebook,bfe6cc29-a387-41b9-9bca-b077722556af,11.4.2026,369,,93
@riderspardubice,instagram,4d6a67ab-9313-4f77-a82e-abb18adbca5d,4.4.2026,3878,97920,
vsefalcons,instagram,709fceba-e311-48e7-9057-f54a587abf4a,4.4.2026,4597,1174547,
vsefalcons,instagram,709fceba-e311-48e7-9057-f54a587abf4a,23.3.2026,4463,1029706,
vsefalcons,instagram,709fceba-e311-48e7-9057-f54a587abf4a,3.3.2026,3717,1487964,
@vutcavaliersbrno,instagram,b384bebf-72f3-4f9d-8b2d-3677709f6966,20.4.2026,3472,164249,
@hcmuni,facebook,d1f9e9f9-7526-42d4-85aa-13f91e89f7cf,1.4.2026,3448,,3955
@vutcavaliersbrno,instagram,b384bebf-72f3-4f9d-8b2d-3677709f6966,1.4.2026,3469,14883,
@hsubrno,facebook,86b4295e-45a1-49a4-a7a5-1a550c3f4bec,15.4.2026,702,,335
@hsubrno,facebook,86b4295e-45a1-49a4-a7a5-1a550c3f4bec,21.4.2026,704,,713